year,ref,RCA4_AFR-44_CCCma-CanESM2_rcp45,RCA4_AFR-44_CCCma-CanESM2_rcp85,RCA4_AFR-44_CNRM-CERFACS-CNRM-CM5_rcp45,RCA4_AFR-44_CNRM-CERFACS-CNRM-CM5_rcp85,RCA4_AFR-44_CSIRO-QCCCE-CSIRO-Mk3-6-0_rcp45,RCA4_AFR-44_CSIRO-QCCCE-CSIRO-Mk3-6-0_rcp85,RCA4_AFR-44_ICHEC-EC-EARTH_rcp26,RCA4_AFR-44_ICHEC-EC-EARTH_rcp45,RCA4_AFR-44_ICHEC-EC-EARTH_rcp85,RCA4_AFR-44_IPSL-IPSL-CM5A-MR_rcp45,RCA4_AFR-44_IPSL-IPSL-CM5A-MR_rcp85,RCA4_AFR-44_MIROC-MIROC5_rcp26,RCA4_AFR-44_MIROC-MIROC5_rcp45,RCA4_AFR-44_MIROC-MIROC5_rcp85,RCA4_AFR-44_MOHC-HadGEM2-ES_rcp26,RCA4_AFR-44_MOHC-HadGEM2-ES_rcp45,RCA4_AFR-44_MOHC-HadGEM2-ES_rcp85,RCA4_AFR-44_MPI-M-MPI-ESM-LR_rcp26,RCA4_AFR-44_MPI-M-MPI-ESM-LR_rcp45,RCA4_AFR-44_MPI-M-MPI-ESM-LR_rcp85,RCA4_AFR-44_NCC-NorESM1-M_rcp26,RCA4_AFR-44_NCC-NorESM1-M_rcp45,RCA4_AFR-44_NCC-NorESM1-M_rcp85,RCA4_AFR-44_NOAA-GFDL-GFDL-ESM2M_rcp45,RCA4_AFR-44_NOAA-GFDL-GFDL-ESM2M_rcp85
1991,2728.2361167271933,2716.6436849200095,2721.3876865593725,2764.0999196803773,2786.594415717211,2747.327921713709,2784.0959247072783,2724.6784365381086,2737.4185413448727,2754.935428511764,2710.021481869066,2725.899075558135,2724.800882316084,2719.8788027096766,2726.2776247410193,2731.612091488229,2721.924486372045,2752.950963024621,2748.6713822026372,2750.884902320609,2793.1191901995467,2701.028587825966,2731.0858778883935,2725.400055368589,2772.591707781941,2777.722410067326
1992,,2720.4260343364663,2724.4016028782376,2747.8116213345675,2767.7547078684274,2830.9621966108316,2887.1954691071664,2718.26179204214,2733.692734345967,2750.1317044168695,2703.431664517535,2719.697883930624,2719.94169133494,2723.895364388762,2730.876282550056,2706.950004305411,2677.8865519931373,2704.597977924042,2726.3750510167206,2734.3521996144373,2771.987125862817,2657.468516312419,2676.9061476870297,2686.110837103925,2719.113238305454,2733.2791389740246
1993,,2698.5151611981123,2706.825480116146,2718.987677574012,2736.6022124869264,2760.8362464855945,2807.1350459586643,2707.8386866688584,2721.4744280212904,2733.410561775225,2750.832734473621,2767.241023550179,2725.730140628639,2737.534168599062,2746.1102219530235,2741.7780866618073,2720.6476302418305,2755.2384431150895,2752.9485539161137,2763.279581700454,2796.4718550958787,2722.3691002991986,2741.6795599563925,2746.7913094460164,2710.963150296327,2716.581070921437
1994,,2696.3906452521046,2704.0410986770466,2750.2208429996767,2767.259226597491,2742.3487392857555,2790.3741598694855,2728.998163032527,2742.3068046159256,2758.805433219357,2716.4211226469397,2728.7930752159587,2682.9697779209696,2695.6274942743685,2699.3706673969214,2729.9614337440375,2696.8746917604894,2734.2141713630554,2729.391350159034,2748.332760375575,2778.3264905118067,2722.3378534162603,2743.428547645431,2750.6203985858738,2736.1687204289537,2747.100471930671
1995,,2690.9035523013767,2704.4351427991473,2723.3798097828003,2745.374745493343,2820.4544658239024,2872.488577948308,2701.8701259314944,2718.2969787511734,2727.5686244167387,2706.760095895212,2717.1730710657807,2735.3133230435833,2747.272518828587,2746.3733303254044,2739.0635380843305,2707.3650341123416,2734.1269012419343,2696.1195813786676,2709.9585970738553,2743.078307488298,2704.388655574719,2728.61151507769,2735.0453552209037,2778.21536665767,2797.4095625632094
1996,,2765.244142314128,2777.981750509302,2758.639524473909,2769.7118285631573,2760.5173594924913,2809.147933406182,2678.270512026425,2692.4179570994415,2709.53957439295,2821.8207460835765,2838.991846113193,2727.300829847969,2718.213702366817,2726.3708097704034,2761.7880845852524,2739.6057956736017,2768.411077879347,2771.2775363567075,2776.628273851685,2814.345795304562,2710.750877622244,2733.3742836391934,2734.5764061965515,2728.9865466288616,2742.090354094548
1997,,2737.587297513362,2756.9238552275674,2741.650823209255,2767.1697457907376,2822.5168321782617,2854.9475196484614,2741.8218547130314,2755.314335265344,2775.1049867951137,2760.412186743628,2778.5025021368115,2736.614389044112,2737.7091913839176,2746.815549426897,2740.075045030697,2714.795530120296,2736.3265520011355,2725.6553718936516,2735.901038028802,2776.637302140612,2759.7350257079565,2774.297227955011,2778.5176869877937,2759.909035332908,2770.2689399494116
1998,,2737.22434220496,2740.91300378552,2741.4027380849343,2755.6295765895397,2787.500452224831,2824.0006669986865,2772.4033953500125,2788.0672584341296,2806.074292890183,2777.303373854144,2797.6274269227456,2730.3793026012813,2733.493092984984,2743.5113226344124,2750.9545996085963,2738.01939261926,2764.804482972017,2686.045171796112,2705.708432830358,2727.3930729729054,2748.0690032578073,2762.691316113544,2771.0032698708587,2734.781209861459,2751.8313797020833
1999,,2696.2566110595676,2701.2093249499226,2712.094808845767,2735.014899252698,2772.7553103743962,2811.350353135142,2724.7175256714922,2749.4098430932886,2759.3247776672247,2699.946749712401,2713.667554167328,2737.5226489714937,2744.2458722898405,2754.737396211858,2736.733466134763,2718.214932472136,2748.2668054527635,2740.2336435748566,2755.3298704604986,2782.000132314328,2734.4586837216048,2751.3860537533888,2759.742966510886,2704.2186902393537,2719.346998532968
2000,,2698.6869279866446,2705.7193965256242,2786.101781551161,2820.419346127341,2744.5445286136123,2796.0461429628685,2761.820318603606,2783.9608301411445,2798.685319784328,2734.74034061119,2749.158124391058,2707.132206600716,2717.2190325411834,2731.699985250077,2781.7645210889914,2773.6510876839898,2795.99790335039,2748.7273575155136,2766.7611046028874,2804.447278113563,2761.924020525337,2778.7517712659574,2784.7684978436896,2708.5434710676473,2715.5007153844267
2001,,2748.524657163846,2759.3984951151856,2769.5016780182273,2788.60234440921,2809.0316665196747,2860.511096207118,2708.5115920965645,2722.674200483654,2739.7375583841967,2740.7565083528602,2760.4464747722923,2759.1556559047963,2778.547954761929,2776.0557463181117,2714.298564993718,2692.5823736944117,2725.6509212230517,2755.2935996384076,2769.03498965852,2799.748765432314,2698.4982640385338,2716.9344759380006,2720.068508403172,2761.7023168623855,2770.424264333178
2002,,2720.2207459775113,2737.95194475944,2756.6697374414075,2778.2824061031934,2775.070816306241,2826.5621790576674,2749.459291164656,2765.6481353562663,2777.164460034544,2752.586973529758,2768.4372881886025,2717.3898456636725,2722.229769096527,2746.697317634289,2780.725784859389,2758.5614770991797,2787.9075523720417,2689.9998359838055,2700.8449273326028,2732.218927885508,2689.972972923664,2704.5171318304824,2712.68973555537,2733.8434286656006,2743.47495230663
2003,,2748.3390423446576,2757.6489148284254,2728.681768015811,2749.205934430733,2749.5874536665883,2786.21336585951,2755.7783144761397,2770.99075729393,2789.453971383857,2788.804239812038,2807.866921428553,2774.3739999299983,2782.215630062748,2785.709434178407,2793.3068673529738,2765.9626610946557,2796.550904426822,2727.9178974599304,2734.586448196713,2776.882868053808,2727.0407504577693,2743.894156881883,2751.336323209638,2709.838120164517,2722.0330983990593
2004,,2759.4166256911462,2770.4407449420473,2761.0121108248095,2787.8251457824663,2777.0184327279094,2829.740483394488,2742.9801681924037,2758.3510238284907,2780.4644621808056,2804.3649162943934,2822.5950997546174,2802.7870526038946,2801.2430876809526,2819.973329636243,2730.809772204595,2716.556083229498,2745.2452452387047,2773.515911520553,2785.6000957170822,2821.4750750336934,2722.875409155482,2743.476173253582,2749.492315333846,2789.9438897917776,2799.566707819645
2005,,2812.380134348428,2826.876971159482,2759.7468323650737,2772.855626777429,2818.0576801589436,2863.011772299591,2711.9001800931806,2724.72391632777,2751.2139472326166,2751.3763480366283,2774.2663703955222,2762.136497396661,2770.2638516679995,2781.2049875668968,2777.224612422938,2770.366149072792,2801.3595098304613,2754.5409197020194,2767.361764042118,2804.0332178093227,2752.8720827180027,2766.645065084748,2774.1004778596184,2761.241385996315,2767.189780944412
2006,,2751.330291698563,2796.464173059803,2750.5495537980987,2704.7011682222205,2833.53939607688,2888.6374770309917,2775.3610045380397,2776.212337043715,2705.0556338980223,2743.9593179672906,2749.3185915753547,2747.757345114232,2777.836240198203,2809.60266216619,2701.585408281503,2729.5396895060767,2718.8461349437243,2738.165898608115,2772.791744223079,2754.8651158373145,2709.899614225775,2780.012712990858,2773.4941406109533,2771.826528641974,2787.880504249945
2007,,2725.0833832412104,2730.4323794879506,2769.882080881643,2765.1833189977915,2792.289932656098,2813.287713850454,2785.006276524737,2775.1066351497143,2760.557793259511,2715.3583960196843,2752.466092915487,2787.715511236715,2767.5990570472313,2820.403659013789,2736.7079729622906,2745.4505132114887,2804.7430733353117,2734.7490540040085,2750.9800113227557,2771.927723233633,2783.551342281775,2732.342259857775,2734.5854328245146,2730.400594851609,2823.87943091856
2008,,2730.984126622767,2741.1174187607176,2751.9185493895297,2779.978517016945,2788.9044946680424,2787.1439728860028,2747.989581843232,2761.236718373671,2763.9385257665267,2791.7357393371954,2786.93643482084,2805.036142066128,2776.2185398731003,2774.054999147678,2738.078944671314,2810.3117946304833,2819.3081430056864,2742.8002181299403,2735.017764316199,2759.624656867256,2741.8278919731983,2751.3345926998973,2710.561895494519,2733.688543405608,2731.432580165087
2009,,2765.9944063525068,2732.761821921162,2727.388976279976,2773.9921371128808,2790.02488527604,2823.3186498303908,2761.878758700737,2763.045848758395,2736.343063186905,2743.4741554352036,2773.135720143031,2824.7521065962906,2749.364653287634,2773.1597325452035,2788.2670144614654,2813.8494246622236,2794.5296918088934,2661.070067337832,2804.252106109707,2777.684210211293,2796.449104045359,2753.341104542012,2713.5255432043123,2745.826432623721,2769.0352134760356
2010,,2815.281623522986,2816.7899035994674,2758.0511738672794,2783.0175195207707,2860.9885480949793,2903.740888204886,2779.153161524105,2771.83174115501,2802.6054716974954,2766.1089955830234,2715.748603384505,2769.4907552528525,2824.4942373357976,2702.555005833767,2736.8240165006578,2797.3377809205135,2822.3048684469227,2695.471440797565,2765.4542346734565,2724.998795641714,2779.8957030342517,2749.840223278137,2742.2554337909874,2730.09341110807,2816.753532843441
2011,,2779.8720597278375,2810.345181180374,2773.7060753705796,2725.2951197009165,2775.2725460693923,2848.526161184977,2715.515644127911,2766.378098707592,2769.8309923663687,2795.6692712042063,2725.6331863281744,2781.860525112175,2836.4398293820486,2795.202618136522,2738.51877472539,2781.931437651863,2802.492695261523,2787.291356149824,2817.239361952579,2740.0209670769036,2710.1868607377037,2758.818104602046,2747.5651271488164,2781.867254799303,2813.331947737424
2012,,2715.9947086111965,2787.344381276844,2723.67996100855,2772.571163917726,2762.9212721071194,2797.586853830955,2758.5177580947616,2786.6129474280465,2775.4562262437044,2758.901389975876,2760.086747550833,2801.2954139477642,2790.985831501003,2834.3397474785065,2770.95052417788,2739.9607772189233,2769.371896028977,2722.924073630656,2758.9530576316197,2808.0391734702657,2672.5022051498313,2791.629129774096,2753.3575142761765,2744.291075800322,2706.1695376386
2013,,2710.617541412307,2706.826764542048,2741.1233850207536,2783.162507033121,2829.102842559716,2810.65259375512,2769.5850072784683,2757.440064758104,2764.836314231257,2795.879888907717,2787.27092006677,2780.1259010792014,2782.9512361215184,2842.5314203350536,2706.847034336268,2759.6656368740237,2780.1677258837894,2746.9176549930667,2731.9734180316714,2734.786167217264,2719.160397776072,2805.332776117441,2733.659921326203,2722.4942858293193,2769.812607228058
2014,,2757.818262019855,2705.1575419758406,2761.444091102085,2772.3300596327713,2845.533181651932,2828.192064330595,2730.6398536887555,2746.67904254345,2783.8183805008375,2750.082288965497,2820.3224932387566,2802.4612463271965,2743.5439428090854,2837.0329267050297,2768.753016660637,2820.578237669253,2802.4227345367785,2773.179736703543,2715.9140416169,2758.1316389256167,2768.354895912314,2758.5131068821206,2790.057499664363,2731.557792617279,2778.5734743692574
2015,,2781.1851328717435,2733.6237408744887,2765.4985758676667,2761.3135737847792,2838.0687783121525,2786.0846438823696,2733.6932772145133,2751.172407093381,2765.133211688093,2748.618567801388,2746.575521598563,2751.1976879855283,2849.3982261635397,2768.669221471098,2756.118468392555,2786.418034139949,2801.276754293261,2830.9360898400632,2771.6223618831177,2787.7603655991566,2731.241714287817,2683.273411262504,2769.1905098847747,2817.767422296276,2745.046099307719
2016,,2762.1021734259193,2824.541935973095,2756.73056798933,2786.8735211808594,2821.834449078248,2817.336243955769,2766.701328885904,2763.8606423447177,2801.2423596887925,2766.353665876714,2801.2096213833024,2783.149425011538,2845.6979951395533,2712.1632640176663,2770.068270243138,2765.4460432608544,2811.669157919117,2725.472147069321,2774.3536769680236,2814.4649443060503,2721.0760184658034,2786.1342272622637,2836.010430529359,2759.4774225525,2741.9626889486062
2017,,2807.918389193173,2707.294090375922,2768.957847608955,2765.6545209114497,2785.3182637007417,2837.4358231900146,2773.8929544850857,2716.98228589605,2815.6425977099066,2831.3178762482216,2783.583803005273,2750.427732384341,2754.354040556212,2800.2932112154645,2759.0087866254685,2743.3093651757367,2812.7612421751996,2758.0884970689185,2705.644767637887,2800.217020585828,2736.311197713661,2723.553088063472,2770.2130811408115,2755.3740250369738,2752.7101721009753
2018,,2723.0621497132984,2789.0345631367286,2717.513224796757,2766.2310537330527,2817.114815268242,2867.952276501052,2741.8349658048537,2739.506477132943,2789.866157679056,2726.123871823453,2754.0724844087217,2752.556338677596,2762.7266488872956,2824.6611044526944,2850.214304710405,2782.5974871866306,2817.229269129451,2740.7633929349563,2740.908628040357,2812.735025209026,2686.870595116909,2775.4621763002433,2825.3189063327577,2835.9233083358017,2753.170094389949
2019,,2749.6157272931137,2796.400168932161,2775.851633042137,2739.0775340997643,2780.5453447106065,2887.2407104473546,2763.317732278874,2754.3252335935467,2767.80208434337,2726.9954783622725,2791.8129760856377,2759.132016004229,2775.1664773931666,2833.4105196822543,2745.1147829366896,2805.387115572208,2778.027209225631,2749.572432004638,2789.513620488921,2787.2216500786703,2764.124630222484,2748.2754261216196,2834.893495800328,2779.646662006806,2800.924448101297
2020,,2786.607445718892,2781.7795085646126,2745.252247843024,2759.8473450933084,2811.4332072433485,2795.3541299165668,2727.7280261645415,2783.913754280178,2798.987186128648,2759.0398090004105,2777.504546530807,2750.7945560990534,2822.2055140086013,2854.7204381508286,2730.2812476757977,2823.7317389817167,2834.5847353905197,2792.991445762745,2727.3199934908744,2792.0948650977334,2759.9732743597674,2778.4273628599803,2814.2893807552705,2754.917177740022,2815.839466710157
2021,,2775.312464698806,2782.7487092394695,2739.9441318426725,2799.7305829323127,2746.3842851939976,2845.7020342092414,2717.6937834004334,2754.946897274625,2757.4360676749507,2747.2411043864668,2791.0413837323613,2757.5978197554455,2798.9086545845216,2768.9548346411134,2814.359976684787,2772.1924769331604,2775.6830556566033,2758.0129106226723,2822.8344668078767,2884.1793014187406,2723.6147977602254,2785.4562730676903,2768.4098934043527,2775.768439500742,2737.8814151361853
2022,,2770.361654415465,2762.762462489633,2770.1272024034283,2784.266233849543,2799.644834655031,2880.113196801864,2757.423924357067,2793.18389333016,2727.3599914136144,2819.536952847054,2823.6729176895765,2735.4285261312784,2713.2127066252415,2839.096942083253,2808.2895411530535,2738.8681240046885,2836.027320033771,2746.7809152134855,2769.575953948313,2810.785280716788,2700.2246317783574,2823.205254277522,2800.0820179154944,2803.6944662905717,2854.120657809906
2023,,2768.102109622371,2779.875630554959,2784.107337482698,2798.2369285553264,2779.7323951158955,2881.5922643058,2771.6457813569837,2834.4287627080867,2834.8942389878225,2797.1020534795393,2809.7555061214825,2832.434687058754,2717.5601097276117,2819.19802453248,2796.8649096182435,2818.236787331282,2889.2326583365434,2746.0205070909064,2748.551078582923,2801.838017185166,2747.122371429497,2844.7304499082366,2749.9759006348218,2745.291423787498,2762.8214468588
2024,,2807.0073763673076,2808.6040982510117,2749.757378629907,2765.5645439972063,2854.920859474101,2911.5500284153136,2660.284666051682,2788.6479266221154,2806.4436151020404,2756.9169374526386,2772.768654293388,2712.220608930891,2792.5725000625953,2851.4670072363115,2795.042606786235,2789.33513349505,2787.9376068747274,2730.0252706355436,2715.734695493111,2831.0642699388445,2759.8929532422662,2812.353365530831,2817.5591060390984,2790.9115309829517,2763.45488673759
2025,,2777.945338321857,2775.6930404880445,2800.9319490149296,2739.147490577369,2812.80618839819,2864.940538433353,2786.3761743764576,2791.2925377616098,2815.225299981041,2812.818136144748,2804.336448977572,2732.2504846335755,2788.4240347823707,2803.4721151096255,2744.3714926822963,2750.9182428191707,2852.8997254457336,2749.3868903744883,2731.068470104745,2806.070959883768,2750.7069760400095,2738.9191452403225,2831.667203758989,2805.438990317736,2723.675472301961
2026,,2819.2870548443293,2740.6042600113446,2794.582436882874,2847.4908469835614,2864.8406463447095,2869.1768370948225,2752.757240409664,2762.8001641024043,2784.003614558198,2760.5808111304686,2811.2731226560304,2785.8932613415964,2810.157979970228,2761.5048748578224,2759.9456057359125,2789.752124042982,2848.7039522723594,2771.8057693480982,2772.949771963267,2764.0854936856563,2772.0203608658762,2834.653546847378,2789.21411420187,2790.2385808724225,2807.107677033509
2027,,2733.4906033023303,2797.6956126892983,2746.7541581894543,2793.4151750161623,2789.1223536491616,2870.830532304846,2730.078726604327,2793.1682321575367,2806.7481104005715,2776.815730977821,2821.9009265814007,2810.533344027193,2828.1256873874895,2841.3375290311865,2774.410343781499,2799.9817229543805,2833.601582058514,2741.6393476066073,2773.152817282112,2771.2940274609246,2770.8963380991204,2764.706432319808,2776.533958028452,2747.868804690505,2777.3563635097453
2028,,2772.6601162650036,2778.2435923776643,2735.9682173619417,2794.008679718774,2816.6905828597614,2857.881506959487,2770.1912061769144,2753.2582226719696,2804.0698872136522,2837.679235780555,2797.950960425404,2776.3486730236314,2788.3185036145046,2851.869511204119,2727.6553114292083,2777.0334061451995,2835.200662954057,2760.7423000399217,2774.0674116368573,2775.120962978164,2752.471036122764,2791.0141293831293,2783.7333562459476,2784.5676805160742,2718.0860276494855
2029,,2794.2907600597205,2764.0300649279056,2785.4996519482297,2857.1766038557466,2881.2551437328384,2819.837988622023,2762.731473536802,2805.9467767339825,2799.9381148458756,2800.9721214639508,2828.3190475855986,2763.2271227843503,2800.292387399253,2895.256142199365,2777.9491293014034,2755.541232382156,2809.901225459622,2758.107007027038,2780.906223350104,2845.186023650156,2791.6525797656063,2737.495558500812,2771.555931438466,2765.053861106537,2803.0011233520067
2030,,2773.5443170544295,2818.8125668906796,2760.099085034404,2809.858104648338,2882.3464448187206,2924.682571730993,2773.2293784538283,2776.5094369647736,2806.2535477115403,2839.177697255664,2809.9583083203356,2799.1143556767092,2792.4733726321897,2805.425825545199,2843.3694906996716,2762.9555490800753,2758.2384640679106,2751.0679488017136,2737.826406731292,2798.268136838744,2704.267443927437,2866.044998165889,2815.348638481393,2764.195427939034,2797.623080090027
2031,,2789.6117690342035,2840.742824757479,2769.912525278831,2826.242403238943,2881.1198333707944,2812.2480692590925,2756.0986679212074,2727.8772245670557,2805.8418000227707,2793.5198479787214,2835.2871468635294,2756.9302353468356,2829.1717140687033,2803.1847402210446,2810.02145617562,2715.657900458587,2850.146883809468,2762.615328800762,2786.0111336985506,2736.599035639694,2746.0612621427026,2765.545152422424,2765.610464197122,2738.377715062912,2815.73536668174
2032,,2807.1853670470846,2816.8876019756804,2791.948103876617,2791.150827610109,2800.112122870471,2905.497571400394,2728.6199090821174,2733.632219301567,2808.700306154579,2805.6137510287667,2841.5108459120256,2790.0914650263244,2874.0683923232336,2834.997884437426,2847.9141498562317,2804.7630711278416,2888.2465067271755,2753.3362977355196,2764.6092982005885,2798.418038027323,2771.298082131167,2730.6986919328724,2782.527328425646,2766.7491069586845,2860.6523424220195
2033,,2783.3270007128444,2814.168832493095,2738.042254526799,2806.7308296544215,2822.246462806395,2853.125782003015,2783.3193580760167,2786.069193610905,2811.515867268418,2800.2924817691314,2796.5083607384563,2780.72413391055,2770.3182753868714,2870.093037051162,2859.224941546749,2761.5389129674645,2840.0831580396703,2707.0111254852904,2843.139891754961,2844.452543944723,2746.6226265371965,2823.6921171072404,2766.1748595537942,2768.278207926021,2702.9670560312334
2034,,2762.7448466766928,2826.9477042420826,2801.283256347766,2786.124510066887,2802.8489230266546,2912.768089706941,2734.805246826952,2805.4132483512512,2823.4096927432215,2852.663893906138,2809.0280624398783,2807.1745468511376,2758.899914002468,2872.127346081293,2762.505424143392,2721.636120863976,2803.9849872694244,2681.897625274622,2796.5722012152837,2869.2650292091616,2732.86765276075,2808.7409149372365,2832.680787290832,2802.989949915173,2821.8934618251683
2035,,2771.0901585850856,2831.78973384699,2783.6815944436935,2793.5177855757847,2881.9893471715272,2836.994081833584,2760.0705357892953,2793.682134996428,2854.770217520225,2814.2650806875513,2787.798167531519,2812.6318384215774,2753.70990447473,2766.3451577758437,2819.9783736812583,2741.373639120409,2776.5835494446605,2728.462231915983,2773.701007686264,2831.435599032196,2731.7479549963214,2758.6282369182045,2758.0414171003235,2706.6450020212756,2787.640120080101
2036,,2813.836286896356,2817.813768069878,2797.276737916314,2827.7569775653023,2801.6566168412296,2875.883996277138,2783.9255393532585,2788.0762624727126,2740.443630256472,2792.5744651832447,2873.230757680578,2810.201178505579,2775.4923186703113,2745.073016306794,2816.2586340288212,2776.9321992431883,2808.7173287895025,2750.1359905720146,2808.5636227336363,2868.718058688913,2747.08790417781,2719.389604741196,2808.2151894570047,2778.482277836128,2782.0996987246067
2037,,2778.7228442264495,2806.4577089379186,2747.2019414892984,2820.002894262055,2879.6432792274827,2940.2456543792,2733.3532348490517,2748.114647406773,2771.902883374499,2774.2659416387523,2859.441689082536,2831.3661445698,2836.229626676415,2812.97645581309,2762.367454973597,2766.8329350118897,2813.386479427309,2762.0412594004665,2841.8241098323965,2868.594299448896,2724.992295414614,2780.8512418662904,2789.894153735256,2742.093096536224,2798.3714207086764
2038,,2829.6224439597427,2765.794252772521,2806.480412049477,2805.1750775513015,2845.1515023191005,2867.85015160994,2764.665136598742,2810.9215789418395,2772.7859153043373,2796.381671398741,2821.0044607743744,2802.3169420999807,2775.9922471517834,2845.0792175218653,2767.259751916866,2749.1616226977235,2833.45944340683,2755.5529996107994,2768.660203712778,2805.1201435820817,2725.2424817439087,2838.8932105079443,2809.310255727844,2799.810179281873,2790.1157338645467
2039,,2753.8718079300857,2816.6115998129276,2806.8692549388693,2763.870255099364,2929.125947719264,2870.74579218896,2804.174320052926,2771.3729832147983,2790.334550765028,2778.019186465453,2864.6443678096875,2823.9554810343884,2833.50676439215,2901.5477237600007,2838.066448333635,2686.4806591289403,2878.049410932615,2768.5366536286183,2768.5973896296314,2781.0120042473645,2789.445512204186,2803.1864288389806,2772.5299322790065,2734.130048763866,2827.6200639904655
2040,,2820.6472589358723,2809.1172901660707,2773.983949571584,2789.7215070392544,2883.6882887499683,2886.148460621338,2807.539457655674,2754.4300060662813,2814.6440057294876,2832.0710727176374,2875.556126842983,2836.843547120791,2767.546839787718,2792.3009337009935,2765.760892258751,2764.1468298496984,2836.2519147123835,2738.4217169607386,2790.857976125864,2830.7588575287423,2714.3908224607753,2783.958306409544,2808.8416065891743,2795.7884879587127,2810.2332636374817
2041,,2802.3189588309506,2819.1574553740506,2791.5375835721093,2798.8752575251915,2821.811614504997,2895.828257720641,2771.8150332469454,2828.836933637675,2827.9981776541667,2805.486262332062,2857.209124339564,2859.9112405396068,2799.8758412133343,2817.0194983241813,2764.509015909922,2785.1770242974435,2845.8494762349765,2717.866386946869,2756.5418444758034,2851.629378086362,2728.6023088433176,2795.1157504863645,2838.814608121216,2761.4886964537895,2867.1267414527915
2042,,2795.5702945454173,2854.371823496485,2779.802220846188,2789.905732072141,2905.756195608678,2891.6496770486615,2784.0250777173483,2770.0880506783033,2808.845900312612,2820.530480936945,2830.3272640965247,2787.4594906676393,2836.335245326139,2837.0575713194357,2760.2280736600583,2797.5413707392127,2855.703510192989,2795.6705207386367,2757.0355406651665,2819.9778340233083,2720.7417870755007,2777.3383945237815,2781.442270473816,2801.364542913105,2847.2788551535905
2043,,2797.310328741631,2827.786144290343,2787.7040381096394,2802.3237152191286,2901.358076203413,2918.449135626482,2780.6065884451696,2827.8281660309854,2831.9591018613883,2804.2190517443873,2832.795731728768,2742.470300602917,2878.441222441039,2857.386804149843,2744.376312173247,2791.548342754091,2768.3754581929475,2825.2688505755928,2823.8356178326417,2796.2410858842773,2704.0485922538924,2805.2133814994663,2798.037652147317,2798.0585758261204,2810.032472795479
2044,,2798.173440337123,2837.364004001957,2770.265650944797,2800.3053287372836,2888.0577732525267,2921.107171701353,2807.559409871296,2838.618456320444,2860.2643572952966,2830.792951543717,2876.6980569567672,2793.4331674493405,2841.9683919754766,2843.4279561966473,2795.8798868050685,2760.1248468442186,2840.9369134848616,2804.8425594811524,2837.5559260760187,2790.1130716072566,2747.3488697463895,2822.1015432971108,2856.009251087458,2701.2426486537165,2830.415761681881
2045,,2793.164951059702,2801.872922142911,2750.635377298872,2856.0903141017175,2811.3853692494135,2954.8063443495207,2723.9044685943577,2808.538986272142,2792.014385977122,2844.683537407116,2779.0523358671785,2800.388789894352,2770.317636017264,2824.7235109151516,2770.9216799560404,2668.552361269509,2843.397557086888,2757.3036744492056,2793.813871084514,2829.550813886642,2679.300954369359,2818.5733582908183,2846.7164804820136,2748.8419525449826,2789.3224484771986
2046,,2763.2895892310694,2875.573326765097,2781.7151393338995,2792.8729561537366,2807.0164890673436,2892.1416139939724,2787.1356697808146,2834.401228682605,2821.078783985082,2832.0526903051637,2891.65681036776,2825.7133708410843,2784.3185910829147,2823.6005847070737,2807.414183533588,2851.832996589846,2860.864246178593,2752.2994767172145,2762.51129337028,2853.4716502166466,2691.528621058029,2726.6568649461656,2796.946423304897,2808.957311883956,2760.056257771783
2047,,2745.698114467979,2877.315505110319,2786.9041322341786,2808.8753139620135,2800.9958884716348,2944.1697733537167,2789.5307103537066,2804.4865467408295,2837.388065089404,2858.720760995546,2915.5335978175353,2816.400325704144,2865.7922180766345,2828.8240860984406,2807.2536355262855,2803.9470728272277,2815.4230585156092,2807.417440517751,2754.389246490242,2856.046926846939,2759.6917473221924,2809.536089739368,2826.5411677961333,2827.833344664414,2866.245493913603
2048,,2791.8262047923686,2885.2642955252654,2764.8013506307693,2826.540388842483,2851.7378229796536,2918.670210786688,2720.5372286519405,2855.9792424091797,2913.8699948733242,2775.60077140311,2830.091860071993,2795.8688703855873,2893.058942544647,2898.8577185610297,2768.516400619598,2794.3969494472462,2849.5584402740647,2759.4920290623213,2765.92444432217,2847.8692816610305,2774.4929015034836,2748.4451392449796,2825.163204440151,2780.828714824609,2881.6255585955073
2049,,2793.7184972059717,2841.5984289390126,2828.3268645562516,2823.4079931629935,2864.6121794804217,2878.3070962151437,2735.10560201791,2819.7754819466177,2792.502738341151,2816.1302270347983,2846.6207031677855,2718.0165499830387,2882.5576913853297,2836.289704609828,2821.9176689352735,2793.7674761778944,2897.2866910270072,2747.5822936664476,2760.9518993847014,2812.207479604316,2771.328996942992,2820.3634361982554,2836.466496317104,2758.606898922834,2804.2053985538164
2050,,2799.1017517747655,2857.4691338412727,2773.668555735894,2827.596857073913,2833.0137684767365,2882.0550182693314,2761.4987764029306,2785.5060006594726,2840.388308184614,2845.4142364151176,2896.864177136791,2763.601874393098,2819.677629411404,2803.257723594768,2762.746738622433,2769.7044688595774,2837.424929879038,2821.96029401189,2822.4654211739694,2837.6863130354936,2717.1867752448893,2824.831163278493,2823.401333875899,2799.737075950372,2794.494934547334
2051,,2792.287542425853,2869.9831989821037,2837.343250260617,2791.8299118559803,2926.2524316008366,2866.168788948596,2809.531903142057,2803.871704374622,2848.0495040486603,2784.9794214918384,2869.833421004259,2789.8843410190475,2796.412858941648,2796.9399931292846,2785.674733945981,2830.5805439926226,2876.1385209735486,2825.176638731638,2809.498219952739,2874.7539550014903,2715.2483652093533,2832.7310293171795,2861.8715014762006,2760.660890584457,2801.0760242408437
2052,,2822.0241997449357,2836.0286348370723,2762.679143398222,2835.8965359517683,2887.8217086862296,2934.8301828731296,2761.2549956256244,2796.328665957597,2817.0044220539107,2841.6725452929873,2892.2012745711254,2818.7859529850925,2827.2293766068155,2852.8742272105756,2716.163665036174,2774.0161135162707,2858.4684925059155,2786.169672816202,2805.6063188532767,2879.998978361223,2816.061155516403,2822.3781336541874,2834.805004257134,2794.3758742419645,2844.5705365895883
2053,,2799.0046877373265,2805.350366058578,2811.622274482541,2816.962013376691,2948.8145312638885,2918.088266234343,2766.1233182394662,2750.962921005444,2843.9031232995817,2845.7405380151936,2881.3517768439374,2854.6758435153333,2843.8693145783964,2852.1543990115592,2802.9964486471326,2847.4295070185203,2855.579596834232,2771.775098988752,2828.3173644702433,2857.3231277826603,2757.760787675119,2792.713617840747,2812.259143084006,2783.659245998899,2740.37231872725
2054,,2798.8822360127447,2868.7373272035097,2809.8828040742937,2835.328651340112,2872.337051921532,2924.5666946286105,2822.5558681855987,2812.440143550442,2833.52973913485,2865.7650654283702,2881.6545642345213,2805.2056592870654,2857.6199302245823,2905.216243554008,2784.892105064768,2777.7946685496204,2805.0958196426086,2762.8511676742496,2795.1764939732057,2866.486255781543,2782.610089668679,2765.0640783972,2804.3535741398664,2791.435256809015,2848.075088232837
2055,,2794.756008720389,2870.8603418106873,2809.983641385538,2807.5447126619833,2855.508278342762,2946.8703163360583,2833.225034347483,2791.9461220256394,2831.256965533606,2808.9338360509096,2893.346767896248,2819.6656817813528,2864.388693436902,2886.389123339035,2779.3828410857154,2811.380676877969,2893.6948509449394,2735.8910012922192,2817.0815984865935,2874.8288943043194,2751.757990606268,2788.4211391705558,2859.4579864348525,2761.460914716457,2810.2895454812883
2056,,2797.6847750506136,2873.150963414986,2730.3072181161683,2834.8498309451497,2893.0510831765514,3000.3695653769023,2765.103600977002,2838.0316032958494,2827.324200967089,2817.4680480934585,2943.785008502331,2861.97525364998,2846.1927254465213,2851.7570133114023,2794.4064497430477,2802.5355852161633,2866.7177395850667,2762.5085548498696,2767.5376240902237,2852.371176202782,2757.9363462669244,2789.742922767182,2778.8340949933026,2732.5411474005664,2793.687596167672
2057,,2777.211616077253,2886.0701043606264,2806.003976637456,2830.78917483766,2849.2643852104557,2909.9102790693646,2751.8379161460857,2810.69061407162,2816.9282906119565,2823.7239758541714,2874.7042837173326,2816.2397024907914,2779.2559579867316,2867.4560076741705,2782.5361788145215,2780.4688503507514,2847.1817282962,2756.1793981236037,2770.7470951551027,2850.3467730179455,2750.356224035099,2758.835846606496,2764.2241931372046,2741.6393683560327,2818.6752456531412
2058,,2786.8400117864535,2872.884659296831,2832.0294775614634,2846.599527461325,2888.5873935806835,2988.607118898735,2759.0659038248655,2830.32996479846,2830.6618977741578,2849.1126039420615,2875.546012640825,2821.4904988318635,2850.9456454690376,2895.5766044154047,2748.7940200849275,2736.4368630610247,2883.2008946176047,2762.0792986765314,2807.059961143352,2823.715700358726,2765.601549319179,2752.642249222903,2816.564724876425,2797.932907306271,2812.6926186879714
2059,,2856.7920620004074,2892.915985273199,2779.3723522050363,2846.235859025213,2949.402056195628,2892.8138933661467,2789.458779086947,2778.9290072775257,2835.4973391573185,2838.495288533831,2898.7387295873195,2774.2842721097563,2863.622827568577,2859.5197143926175,2759.217857200622,2852.0423982451844,2891.386076780771,2722.1157595494456,2833.309551039718,2854.901537371147,2739.272692778574,2784.4041197984975,2854.4134329779117,2741.501867532839,2792.564130867204
2060,,2831.6924393024688,2900.0577491915806,2812.5093645911425,2846.9988145216707,2923.1389043608924,2977.3374371818177,2796.6438483525812,2809.8295647212376,2836.963400019434,2854.2197622364383,2940.864265949847,2791.960079085469,2926.558564047697,2838.0232180293156,2725.483609481693,2867.5299999251124,2935.137958009984,2794.9866866977695,2775.7624106131957,2919.7437456184157,2710.227453452577,2776.985985589888,2816.927684505055,2800.5123998355325,2745.7211254905305
2061,,2816.1872985560276,2893.8216904284286,2770.8281932152136,2839.458911851014,2910.2131391589755,2986.3947838589625,2775.9206024956407,2801.0442172119347,2816.5247858827693,2826.2405333492047,2915.5926188289236,2839.908665010214,2836.837134333306,2819.0987164465455,2752.397556984082,2847.7980969939454,2826.8953792688694,2813.5687786518306,2807.442036607809,2918.7392419874504,2764.7088675088166,2826.3642435823726,2844.8910997934527,2761.6119532604666,2879.1358759294267
2062,,2844.010387180039,2933.567821813405,2825.3642416116186,2824.7747269727424,2904.3968169685336,2975.904302082527,2741.3969324935674,2880.7652547908488,2820.4431906437517,2870.9595308025914,2896.845604538978,2838.517976017481,2758.6153309922543,2839.373184757675,2802.186864932963,2813.6939806875876,2875.141707375311,2763.7664132216455,2818.253038198714,2860.222491088829,2701.974308328508,2823.703298992952,2812.215849930939,2846.4095980667876,2869.2207067893355
2063,,2804.8348714329163,2901.694303816513,2788.8767205545587,2888.4669298132503,2872.134780641554,2997.8035215806867,2782.6397675561598,2826.64650861896,2870.83753149268,2804.3908065539185,2914.2563392989764,2798.208607498871,2803.735526355485,2889.534585272017,2816.4659402386983,2806.029344696244,2894.501535215521,2819.636465122771,2874.8634994658187,2801.5356390691963,2721.2935973590465,2769.3467526948916,2805.0448634775275,2762.1202211236573,2867.978177388935
2064,,2778.9715382850723,2898.436782905832,2802.635329947089,2872.675975484173,2919.971013149425,2972.343926802508,2798.4379953521006,2838.0090895086214,2836.0042472145747,2857.9545382216893,2920.9654250015733,2776.4147960638525,2850.016837173125,2886.868870433473,2734.48182810325,2811.7949704586094,2876.2860125875827,2764.396949784134,2804.3572815124458,2842.247515170428,2695.6251944903725,2828.5320688460474,2870.7164395868385,2758.441160322019,2878.026458470406
2065,,2821.518998152174,2889.1225331876417,2803.886511934748,2840.803537503188,2860.3395706337046,3051.4037567667797,2796.233486905483,2837.1810621923723,2854.157280141853,2863.892628047784,2912.855517224387,2791.6579910234336,2857.5649913301754,2848.446006366957,2813.234664453203,2806.731413350281,2852.5246046069187,2744.704615161026,2821.4043340633684,2908.062261177982,2764.5229358053766,2804.895177908716,2876.093576455302,2767.3508220014696,2851.135619759998
2066,,2806.0330692851708,2891.329239473633,2770.1463838830146,2910.5644729933106,2874.4019310950084,2969.9454785692524,2741.362173011594,2821.499588093913,2884.468361272889,2851.78355652201,2951.8215707862487,2868.5884703017823,2879.7298822733665,2860.2076413011805,2851.627217602721,2837.020970390669,2913.649755052675,2794.988782467593,2799.7512448095113,2864.704220634547,2719.271501387389,2814.3137112862128,2868.231211548275,2823.8450250533374,2878.181594169139
2067,,2811.455357644769,2840.06538784579,2789.6309100170815,2867.17307684894,2900.3720671746323,3011.5920285281586,2775.5503937123517,2780.561228699087,2912.087793669178,2857.851171322652,2941.8455801720847,2795.4847111584363,2798.5955253481347,2882.0476425553315,2823.5784155584556,2816.2294891036013,2878.6140550848336,2817.6130664156076,2808.0512848941003,2920.9309238832197,2722.876339811871,2807.0429681748215,2870.0388158453716,2772.8158817700187,2905.365723570397
2068,,2809.8680666074765,2894.2312178966936,2758.7927528931777,2846.544358788724,2950.483346484209,2983.122070111407,2812.0610075771624,2808.861779041164,2894.440577406045,2859.5003770207954,2951.5964360529183,2725.973643662658,2828.2500710376094,2798.6878664742603,2783.4867737482855,2863.153014624753,2862.410540038381,2774.728388133373,2789.533582991551,2847.3235699915604,2702.452832474636,2809.613476009735,2819.8481728045917,2814.951300527915,2839.328912377708
2069,,2794.0594085608486,2859.507622972056,2829.248431956215,2850.1868058204113,2862.863878264721,2994.9371452414566,2743.6606872138036,2782.39030556993,2849.7400510610846,2863.1008650966,2988.9366984220324,2852.093212117732,2801.0049864599314,2858.7221890343076,2815.7038913773954,2857.31067234015,2907.589101441534,2732.77959032543,2871.1161133341634,2912.892956463855,2792.341469288338,2827.7165356385535,2869.980873913173,2834.7527779500488,2897.367587722958
2070,,2783.8141369241807,2902.634166107366,2788.7409639405173,2828.8432474620727,2887.501222194211,3018.78964488294,2785.5269687371533,2817.869232605208,2903.8825714085997,2841.8849168663037,2954.9292700283727,2833.537289366282,2870.200645582991,2843.5254523369454,2784.494723284682,2836.294865867798,2871.9479391081645,2793.9766530275506,2860.4870196167067,2932.154136769612,2761.6679085152405,2797.4975163038885,2834.301428845283,2886.9966283355457,2868.583504708502
2071,,2794.210163233389,2926.8593169877786,2835.2236160952393,2819.1446475180724,2891.443712328228,2941.74570517774,2793.235483554989,2745.446846201389,2841.1493030090855,2880.273173026452,2947.0562751199445,2752.582939712598,2891.5768383327922,2899.9996281202493,2760.1349451129586,2855.8384230407664,2854.9074152197168,2732.8067584131572,2778.398832218341,2866.8783127118368,2795.5994654440437,2851.440815875359,2856.215002045205,2823.548310895063,2883.4000896207194
2072,,2820.5967043328033,2934.1925591706226,2820.0332144438203,2862.3369109807973,2881.47630272795,2970.4060338694103,2779.834327605982,2832.029145471402,2806.9724628410913,2841.817523627247,2968.9530912199684,2774.9960128163134,2805.5480777946377,2886.632233437232,2732.7750861076906,2833.045582002475,2918.3958977901225,2758.218724003913,2806.51629698959,2883.2248305602266,2772.1788620562297,2856.1587219410017,2843.907315288668,2779.6419806434224,2812.128120963763
2073,,2816.0512799630196,2903.1220860168837,2744.7770569327095,2881.931686014388,2899.9688166660767,2896.6732865973995,2791.5982062434655,2840.3767787163215,2891.3688996169453,2819.4219497774793,2963.3170986349264,2762.2180989726335,2822.5625977749546,2817.730077805822,2805.611809471667,2883.794530778627,2899.5449126309736,2768.679783566257,2754.6395902144554,2879.7388737072683,2733.4475343026647,2803.1514994476333,2874.7311813062447,2850.3625235467716,2876.828116862569
2074,,2822.3614477580704,2887.9075447271994,2806.9402728705886,2861.5556622699073,2892.3043360521096,2973.973878690544,2821.298239435348,2732.9657682962556,2834.0045467782397,2862.7067448145754,2946.9106346703375,2811.17545958508,2753.5233766354654,2886.5556159900984,2815.4633884536,2869.917320353912,2971.585265934466,2826.683868728995,2841.463743625562,2939.219163802329,2773.3862303697647,2829.4097516466645,2881.770551943026,2785.439730694298,2839.3175267904858
2075,,2798.3832523939905,2910.3492831770895,2833.321301087952,2804.5298207749056,2931.972767936497,2977.5513313162714,2770.939051249639,2855.853656693369,2886.5399612148613,2830.648844577318,2992.808986585147,2809.868109529239,2782.236859094941,2890.6652828106776,2751.3459717975256,2793.1373549173345,2884.0779356542084,2785.07330478458,2807.7164679583857,2903.0783653511803,2735.4897914584794,2747.544217671563,2865.2948882157707,2761.4792288353415,2849.960088773507
2076,,2783.6518670818477,2906.370491001189,2804.260745371886,2872.7371002309205,2889.6749567100755,3009.1759699754966,2794.1247647331857,2774.7109706937867,2920.3781026292872,2894.5337982784094,3000.0904466158318,2790.357403394359,2816.6475358571283,2954.831101714419,2795.303127857773,2787.4494534184973,2971.1974976505358,2758.209289943821,2796.8079093819683,2888.0644071346,2810.757027056666,2822.601223455817,2882.1249942226837,2768.705934505592,2876.6648735595863
2077,,2818.3865155940566,2909.817533584341,2813.5199067117014,2890.8192394846524,2923.4588434929206,3036.213464503287,2714.431410710441,2824.1927091314683,2852.5570691815487,2883.3006904582694,2885.2666844501287,2768.7914868994158,2839.752013945359,2923.3734196276637,2828.558333429142,2816.3453416148855,2901.025648552819,2768.1240643906544,2810.1009763552133,2938.1343178203692,2717.5856058486893,2795.9152189028523,2860.810000770923,2854.886148857028,2891.0529342763825
2078,,2778.40143455752,2913.9957837925717,2829.3450117419466,2886.1928856103027,2967.5981031116826,3003.578337102455,2792.1216068571866,2829.566657181959,2892.4594713632287,2811.6680278303847,2981.8943378014287,2750.239387812244,2816.421403961131,2835.248881492121,2786.1008198398135,2808.080593349172,2933.9461681917965,2766.305243077654,2799.8681448182256,2896.4663053458407,2696.7210816106704,2815.1564924932045,2885.5205673794226,2830.710590727596,2844.297854585877
2079,,2806.974661358962,2962.275024047461,2795.506499999768,2863.811569387332,2901.9438626861906,3029.702823366473,2796.5413259402244,2836.5349781170225,2849.448642366542,2849.122742832145,2998.8458121160515,2808.498079352306,2781.9655081665587,2797.8596383043073,2794.333013916293,2834.954206031551,2937.0501001253947,2773.717829597133,2852.260486527362,2866.601114015872,2762.1381591288778,2875.3213027680263,2858.5499359823393,2779.67582902412,2852.2808700909336
2080,,2861.098953936266,2949.369305768634,2808.4985628010922,2901.866590790583,2893.769212382398,3042.68991635623,2797.3027884738967,2827.692515901499,2867.8405122563477,2865.412530901838,3000.2212961383534,2806.799636493433,2861.135167649513,2893.734216722265,2788.432178696928,2846.1843233448712,2935.1715691276167,2781.4784001268495,2835.587967403877,2910.5974162872735,2711.019715552946,2797.371158669685,2873.326220327468,2769.4280762728936,2872.2371375422335
